episode,seat0_wr,bot_wr,loss,epsilon,avg_game_length,vd_s0,vd_s1,vd_s2,vd_s3,buffer_size
50,0.55,0.45,0.83519,0.9985,71.0,0.0,1.8,3.35,2.35,1669
100,0.35,0.65,0.56383,0.9968,69.8,0.0,1.95,1.35,2.35,3514
150,0.35,0.65,0.310039,0.9951,76.3,0.0,2.25,2.15,2.1,5427
200,0.2,0.8,0.219329,0.9934,84.0,0.0,1.85,2.15,3.35,7280
