episode,seat0_wr,bot_wr,loss,epsilon,avg_game_length,vd_s0,vd_s1,vd_s2,vd_s3,buffer_size
1000,0.26,0.74,0.402371,0.967,68.5,0.0,2.07,0.0,2.09,36670
2000,0.25,0.75,0.768193,0.9337,75.7,0.0,2.95,0.0,2.28,73622
